Nom,libellecourt,Numerodossier
VNVOCHA,CHA,VN504354
VNVOCHA,CHA,VN504354
VNVOCHA,CHA,VN504354
VNVOCHA,CHA,VN504354
VNVOCHA,CHA,VN504354
VNVOCHA,CHA,VN504354
VNVOCHA,CHA,VN504354
VNVOCHA,CHA,VN504354
VNVOCHA,CHA,VN504354
VNVOCHA,CHA,VN504406
VNVOCHA,CHA,VN504406
VNVOCHA,CHA,VN504406
VNVOCHA,CHA,VN504406
VNVOCHA,CHA,VN504406
VNVOCHA,CHA,VN504406
VNVOCHA,CHA,VN504406
VNVOCHA,CHA,VN504406
VNVOCHA,CHA,VN504406
VNVOCITPRO,PRO,VN124874
VNVOCITPRO,PRO,VN124874
VNVOCITPRO,PRO,VN124874
VNVOCITPRO,PRO,VN124874
VNVOCITPRO,PRO,VN124874
VNVOCITPRO,PRO,VN124875
VNVOCITPRO,PRO,VN124875
VNVOCITPRO,PRO,VN124875
VNVOCITPRO,PRO,VN124875
VNVOCITPRO,PRO,VN124875
VNVOHYBEA,BEA,VN500683
VNVOHYBEA,BEA,VN500683
VNVOHYBEA,BEA,VN500683
VNVOHYBEA,BEA,VN500683
VNVOHYBEA,BEA,VN500683
VNVOHYBEA,BEA,VN500683
VNVOHYBEA,BEA,VN500683
VNVOHYBEA,BEA,VN500683
VNVOHYBEA,BEA,VN500683
VNVOHYBEA,BEA,VN500683
VNVOHYBEA,BEA,VN500683
VNVOHYBEA,BEA,VN500683
VNVOHYBUS,BUSSY,VN402321
VNVOHYBUS,BUSSY,VN402321
VNVOHYBUS,BUSSY,VN402321
VNVOHYBUS,BUSSY,VN402321
VNVOHYBUS,BUSSY,VN402321
VNVOHYBUS,BUSSY,VN402321
VNVOHYBUS,BUSSY,VN402321
VNVOHYBUS,BUSSY,VN402659
VNVOHYBUS,BUSSY,VN402659
VNVOHYBUS,BUSSY,VN402659
VNVOHYBUS,BUSSY,VN402659
VNVOHYBUS,BUSSY,VN402659
VNVOHYBUS,BUSSY,VN402659
VNVOHYBUS,BUSSY,VN402659
VNVOHYBUS,BUSSY,VN402700
VNVOHYBUS,BUSSY,VN402700
VNVOHYBUS,BUSSY,VN402700
VNVOHYBUS,BUSSY,VN402700
VNVOHYBUS,BUSSY,VN402700
VNVOHYBUS,BUSSY,VN402700
VNVOHYBUS,BUSSY,VN402700
VNVOHYBUS,BUSSY,VN402700
VNVOHYBUS,BUSSY,VN402700
VNVOHYBUS,BUSSY,VN402781
VNVOHYBUS,BUSSY,VN402781
VNVOHYBUS,BUSSY,VN402781
VNVOHYBUS,BUSSY,VN402781
VNVOHYBUS,BUSSY,VN402781
VNVOHYBUS,BUSSY,VN402781
VNVOHYBUS,BUSSY,VN402781
VNVOHYBUS,BUSSY,VN402781
VNVOHYBUS,BUSSY,VN402781
VNVOHYBUS,BUSSY,VN402781
VNVOHYBUS,BUSSY,VN402781
VNVOHYBUS,BUSSY,VN402816
VNVOHYBUS,BUSSY,VN402816
VNVOHYBUS,BUSSY,VN402816
VNVOHYBUS,BUSSY,VN402816
VNVOHYBUS,BUSSY,VN402816
VNVOHYBUS,BUSSY,VN402816
VNVOHYBUS,BUSSY,VN402816
VNVOHYBUS,BUSSY,VN402816
VNVOHYBUS,BUSSY,VN402816
VNVOHYBUS,BUSSY,VN402831
VNVOHYBUS,BUSSY,VN402831
VNVOHYBUS,BUSSY,VN402831
VNVOHYBUS,BUSSY,VN402831
VNVOHYBUS,BUSSY,VN402831
VNVOHYBUS,BUSSY,VN402831
VNVOHYBUS,BUSSY,VN402831
VNVOHYBUS,BUSSY,VN402838
VNVOHYBUS,BUSSY,VN402838
VNVOHYBUS,BUSSY,VN402838
VNVOHYBUS,BUSSY,VN402838
VNVOHYBUS,BUSSY,VN402838
VNVOHYBUS,BUSSY,VN402838
VNVOHYBUS,BUSSY,VN402839
VNVOHYBUS,BUSSY,VN402839
VNVOHYBUS,BUSSY,VN402839
VNVOHYBUS,BUSSY,VN402839
VNVOHYBUS,BUSSY,VN402839
VNVOHYBUS,BUSSY,VN402839
VNVOHYBUS,BUSSY,VN402839
VNVOHYBUS,BUSSY,VN402846
VNVOHYBUS,BUSSY,VN402846
VNVOHYBUS,BUSSY,VN402846
VNVOHYBUS,BUSSY,VN402846
VNVOHYBUS,BUSSY,VN402846
VNVOHYBUS,BUSSY,VN402846
VNVOHYBUS,BUSSY,VN402846
VNVOHYBUS,BUSSY,VN402847
VNVOHYBUS,BUSSY,VN402847
VNVOHYBUS,BUSSY,VN402847
VNVOHYBUS,BUSSY,VN402847
VNVOHYBUS,BUSSY,VN402847
VNVOHYBUS,BUSSY,VN402847
VNVOHYBUS,BUSSY,VN402847
VNVOHYBUS,BUSSY,VN402864
VNVOHYBUS,BUSSY,VN402864
VNVOHYBUS,BUSSY,VN402864
VNVOHYBUS,BUSSY,VN402864
VNVOHYBUS,BUSSY,VN402864
VNVOHYBUS,BUSSY,VN402864
VNVOHYBUS,BUSSY,VN402864
VNVOHYBUS,BUSSY,VN402864
VNVOHYBUS,BUSSY,VN402864
VNVOHYBUS,BUSSY,VN402864
VNVOHYBUS,BUSSY,VN402866
VNVOHYBUS,BUSSY,VN402866
VNVOHYBUS,BUSSY,VN402866
VNVOHYBUS,BUSSY,VN402866
VNVOHYBUS,BUSSY,VN402866
VNVOHYBUS,BUSSY,VN402866
VNVOHYBUS,BUSSY,VN402866
VNVOHYBUS,BUSSY,VN402866
VNVOHYBUS,BUSSY,VN402868
VNVOHYBUS,BUSSY,VN402868
VNVOHYBUS,BUSSY,VN402868
VNVOHYBUS,BUSSY,VN402868
VNVOHYBUS,BUSSY,VN402868
VNVOHYBUS,BUSSY,VN402868
VNVOHYBUS,BUSSY,VN402870
VNVOHYBUS,BUSSY,VN402870
VNVOHYBUS,BUSSY,VN402870
VNVOHYBUS,BUSSY,VN402870
VNVOHYBUS,BUSSY,VN402870
VNVOHYBUS,BUSSY,VN402870
VNVOHYBUS,BUSSY,VN402870
VNVOHYBUS,BUSSY,VN402870
VNVOHYBUS,BUSSY,VN402870
VNVOHYBUS,BUSSY,VN402879
VNVOHYBUS,BUSSY,VN402879
VNVOHYBUS,BUSSY,VN402879
VNVOHYBUS,BUSSY,VN402879
VNVOHYBUS,BUSSY,VN402879
VNVOHYBUS,BUSSY,VN402879
VNVOHYBUS,BUSSY,VN402879
VNVOHYMAX,MAX,VN302509
VNVOHYMAX,MAX,VN302509
VNVOHYMAX,MAX,VN302509
VNVOHYMAX,MAX,VN302509
VNVOHYMAX,MAX,VN302509
VNVOHYMAX,MAX,VN302509
VNVOHYMAX,MAX,VN302509
VNVOHYMAX,MAX,VN302509
VNVOHYMAX,MAX,VN302509
VNVOHYMAX,MAX,VN302509
VNVOHYMAX,MAX,VN302509
VNVOHYMAX,MAX,VN302509
VNVOHYMAX,MAX,VN302536
VNVOHYMAX,MAX,VN302536
VNVOHYMAX,MAX,VN302536
VNVOHYMAX,MAX,VN302536
VNVOHYMAX,MAX,VN302536
VNVOHYMAX,MAX,VN302536
VNVOHYMAX,MAX,VN302536
VNVOHYMAX,MAX,VN302536
VNVOHYMAX,MAX,VN302536
VNVOHYMAX,MAX,VN302536
VNVOHYMAX,MAX,VN302536
VNVOHYMAX,MAX,VN302536
VNVOHYMAX,MAX,VN302547
VNVOHYMAX,MAX,VN302547
VNVOHYMAX,MAX,VN302547
VNVOHYMAX,MAX,VN302547
VNVOHYMAX,MAX,VN302547
VNVOHYMAX,MAX,VN302547
VNVOHYMAX,MAX,VN302547
VNVOHYMAX,MAX,VN302547
VNVOHYMAX,MAX,VN302547
VNVOHYMAX,MAX,VN302547
VNVOHYMAX,MAX,VN302547
VNVOHYMAX,MAX,VN302547
VNVOHYMAX,MAX,VN302547
VNVOHYMAX,MAX,VN302548
VNVOHYMAX,MAX,VN302548
VNVOHYMAX,MAX,VN302548
VNVOHYMAX,MAX,VN302548
VNVOHYMAX,MAX,VN302548
VNVOHYMAX,MAX,VN302548
VNVOHYMAX,MAX,VN302548
VNVOHYMAX,MAX,VN302548
VNVOHYMAX,MAX,VN302548
VNVOHYMAX,MAX,VN302548
VNVOHYMAX,MAX,VN302548
VNVOHYMAX,MAX,VN302548
VNVOHYMAX,MAX,VN302550
VNVOHYMAX,MAX,VN302550
VNVOHYMAX,MAX,VN302550
VNVOHYMAX,MAX,VN302550
VNVOHYMAX,MAX,VN302550
VNVOHYMAX,MAX,VN302550
VNVOHYMAX,MAX,VN302550
VNVOHYMAX,MAX,VN302550
VNVOHYMAX,MAX,VN302550
VNVOHYMAX,MAX,VN302550
VNVOHYMAX,MAX,VN302550
VNVOHYMAX,MAX,VN302550
VNVOHYMAX,MAX,VN302600
VNVOHYMAX,MAX,VN302600
VNVOHYMAX,MAX,VN302600
VNVOHYMAX,MAX,VN302600
VNVOHYMAX,MAX,VN302600
VNVOHYMAX,MAX,VN302600
VNVOHYMAX,MAX,VN302600
VNVOHYMAX,MAX,VN302600
VNVOHYMAX,MAX,VN302600
VNVOHYMAX,MAX,VN302600
VNVOHYMAX,MAX,VN302600
VNVOHYMAX,MAX,VN302600
VNVOHYMAX,MAX,VN302600
VNVOHYMAX,MAX,VN302648
VNVOHYMAX,MAX,VN302648
VNVOHYMAX,MAX,VN302648
VNVOHYMAX,MAX,VN302648
VNVOHYMAX,MAX,VN302648
VNVOHYMAX,MAX,VN302648
VNVOHYMAX,MAX,VN302648
VNVOHYMAX,MAX,VN302648
VNVOHYMAX,MAX,VN302648
VNVOHYMAX,MAX,VN302648
VNVOHYMAX,MAX,VN302648
VNVOHYMAX,MAX,VN302648
VNVOHYMAX,MAX,VN302670
VNVOHYMAX,MAX,VN302670
VNVOHYMAX,MAX,VN302670
VNVOHYMAX,MAX,VN302670
VNVOHYMAX,MAX,VN302670
VNVOHYMAX,MAX,VN302670
VNVOHYMAX,MAX,VN302670
VNVOHYMAX,MAX,VN302670
VNVOHYMAX,MAX,VN302670
VNVOHYMAX,MAX,VN302670
VNVOHYMAX,MAX,VN302670
VNVOHYMAX,MAX,VN302670
VNVOHYMAX,MAX,VN302670
VNVOHYMAX,MAX,VN302670
VNVOHYMAX,MAX,VN302673
VNVOHYMAX,MAX,VN302673
VNVOHYMAX,MAX,VN302673
VNVOHYMAX,MAX,VN302673
VNVOHYMAX,MAX,VN302673
VNVOHYMAX,MAX,VN302673
VNVOHYMAX,MAX,VN302673
VNVOHYMAX,MAX,VN302673
VNVOHYMAX,MAX,VN302673
VNVOHYMAX,MAX,VN302673
VNVOHYMAX,MAX,VN302673
VNVOHYMAX,MAX,VN302673
VNVOPRO,PRO,VN305114
VNVOPRO,PRO,VN305114
VNVOPRO,PRO,VN305114
VNVOPRO,PRO,VN305114
VNVOPRO,PRO,VN305114
VNVOPRO,PRO,VN305114
VNVOPRO,PRO,VN305114
VNVOPRO,PRO,VN305114
VNVOPRO,ROM,VN305144
VNVOPRO,ROM,VN305144
VNVOPRO,ROM,VN305144
VNVOPRO,ROM,VN305144
VNVOPRO,ROM,VN305144
VNVOPRO,ROM,VN305144
VNVOSOI,SOI,VN700439
VNVOSOI,SOI,VN700439
VNVOSOI,SOI,VN700439
VNVOSOI,SOI,VN700439
VNVOSOI,SOI,VN700439
VNVOSOI,SOI,VN700439
VNVOSOI,SOI,VN700439
VNVOSOI,SOI,VN700569
VNVOSOI,SOI,VN700569
VNVOSOI,SOI,VN700569
VNVOSOI,SOI,VN700569
VNVOSOI,SOI,VN700569
VNVOSOI,SOI,VN700569
VNVOSOI,SOI,VN700569
VNVOSOI,SOI,VN700569
VNVOSOI,SOI,VN700569
